"__glayCluster","AverageShortestPathLength","BetweennessCentrality","ClosenessCentrality","ClusteringCoefficient","Degree","Eccentricity","IsSingleNode","name","NeighborhoodConnectivity","NumberOfDirectedEdges","NumberOfUndirectedEdges","PartnerOfMultiEdgedNodePairs","Radiality","selected","SelfLoops","shared name","Stress","TopologicalCoefficient"
"2","2.883720930232558","0.017136780778887563","0.3467741935483871","0.3333333333333333","6","5","false","Ms4a6c","9.333333333333334","0","6","0","0.9571881606765328","false","0","Ms4a6c","1434","0.26666666666666666"
"2","2.387596899224806","0.0014741443162674735","0.4188311688311689","0.5238095238095238","7","5","false","Il2rg","24.0","0","7","0","0.9684637068358","false","0","Il2rg","166","0.3076923076923077"
"2","2.9689922480620154","0.0","0.3368146214099217","0.0","1","5","false","Mtdh","30.0","0","1","0","0.9552501761804087","false","0","Mtdh","0","0.0"
"2","2.9224806201550386","0.0015342638089731113","0.3421750663129974","0.0","2","5","false","F3","16.5","0","2","0","0.9563072586328399","false","0","F3","128","0.5"
"2","2.356589147286822","0.0033685600308593707","0.42434210526315785","0.4722222222222222","9","5","false","Hck","23.555555555555557","0","9","0","0.9691684284707541","false","0","Hck","446","0.29444444444444445"
"2","3.5348837209302326","0.0","0.28289473684210525","0.0","1","5","false","Ms4a4a","7.0","0","1","0","0.9423890063424948","false","0","Ms4a4a","0","0.0"
"2","2.4108527131782944","0.015503875968992248","0.41479099678456594","0.6","5","5","false","Cyth4","25.8","0","5","0","0.9679351656095843","false","0","Cyth4","750","0.3368421052631579"
"2","2.364341085271318","0.005033474587028998","0.4229508196721311","0.4909090909090909","11","4","false","Ly6c2","20.454545454545453","0","11","0","0.9689922480620154","false","0","Ly6c2","740","0.26913875598086123"
"2","2.550387596899225","8.147356599897819E-4","0.39209726443768994","0.5","5","5","false","Ncf1","18.8","0","5","0","0.9647639182522902","false","0","Ncf1","120","0.3032258064516129"
"2","2.550387596899225","0.01658352185308517","0.39209726443768994","0.3333333333333333","7","5","false","Themis2","16.142857142857142","0","7","0","0.9647639182522902","false","0","Themis2","1456","0.25806451612903225"
"2","2.2170542635658914","0.011964392864546322","0.45104895104895104","0.5210526315789473","20","4","false","Cxcl10","19.1","0","20","0","0.9723396758280479","false","0","Cxcl10","2032","0.21954022988505748"
"2","2.635658914728682","0.007718133996183243","0.3794117647058824","0.5","5","5","false","Spn","18.4","0","5","0","0.9628259337561663","false","0","Spn","978","0.337037037037037"
"2","2.868217054263566","0.004869166541836747","0.34864864864864864","0.6","5","4","false","Sdc3","15.6","0","5","0","0.9575405214940098","false","0","Sdc3","476","0.4105263157894737"
"2","2.852713178294574","0.0015335593908030948","0.35054347826086957","0.0","3","5","false","Fgr","13.0","0","3","0","0.9578928823114871","false","0","Fgr","102","0.34285714285714286"
"2","2.751937984496124","1.076973385147935E-4","0.36338028169014086","0.0","2","5","false","Card9","25.0","0","2","0","0.9601832276250881","false","0","Card9","24","0.5454545454545454"
"2","3.248062015503876","0.0","0.30787589498806683","1.0","3","5","false","Hs3st1","5.666666666666667","0","3","0","0.9489076814658209","false","0","Hs3st1","0","0.6296296296296297"
"2","3.046511627906977","0.0","0.3282442748091603","1.0","3","5","false","Il1rap","10.666666666666666","0","3","0","0.9534883720930232","false","0","Il1rap","0","0.48484848484848486"
"2","3.0930232558139537","0.015924885837676536","0.3233082706766917","0.0","4","5","false","Ezr","7.25","0","4","0","0.952431289640592","false","0","Ezr","1890","0.2717391304347826"
"2","3.248062015503876","0.0","0.30787589498806683","1.0","3","5","false","Ext1","5.666666666666667","0","3","0","0.9489076814658209","false","0","Ext1","0","0.6296296296296297"
"2","4.0852713178294575","0.0","0.24478178368121442","0.0","1","6","false","Capn1","4.0","0","1","0","0.9298801973220577","false","0","Capn1","0","0.0"
"2","2.0697674418604652","0.05008949659886658","0.4831460674157303","0.3722943722943723","22","4","false","Il1b","17.954545454545453","0","22","0","0.9756871035940804","false","0","Il1b","4086","0.17776777677767777"
"2","2.868217054263566","0.0","0.34864864864864864","1.0","3","5","false","Mmp1a","18.333333333333332","0","3","0","0.9575405214940098","false","0","Mmp1a","0","0.4824561403508772"
"2","2.868217054263566","0.0","0.34864864864864864","1.0","3","5","false","Mmp1b","18.333333333333332","0","3","0","0.9575405214940098","false","0","Mmp1b","0","0.4824561403508772"
"2","3.046511627906977","0.0","0.3282442748091603","1.0","3","5","false","Il1r2","10.666666666666666","0","3","0","0.9534883720930232","false","0","Il1r2","0","0.48484848484848486"
"2","3.3255813953488373","0.0","0.3006993006993007","0.0","1","6","false","Vsir","14.0","0","1","0","0.9471458773784356","false","0","Vsir","0","0.0"
"2","3.5426356589147288","0.0","0.28227571115973743","0.0","1","6","false","Samsn1","7.0","0","1","0","0.9422128259337562","false","0","Samsn1","0","0.0"
"2","3.364341085271318","0.0","0.29723502304147464","0.0","1","6","false","C5ar2","16.0","0","1","0","0.9462649753347427","false","0","C5ar2","0","0.0"
"2","2.108527131782946","0.018094537135590415","0.4742647058823529","0.4624505928853755","23","4","false","Ccl5","19.52173913043478","0","23","0","0.9748062015503876","false","0","Ccl5","2918","0.2033514492753623"
"2","2.0775193798449614","0.038605284455889476","0.4813432835820895","0.35968379446640314","23","4","false","Lyz2","18.304347826086957","0","23","0","0.9755109231853418","false","0","Lyz2","5010","0.1867790594498669"
"2","2.2790697674418605","0.006828592058358629","0.4387755102040816","0.5818181818181818","11","4","false","Hmox1","21.90909090909091","0","11","0","0.9709302325581395","false","0","Hmox1","1062","0.24896694214876033"
"2","2.5968992248062017","1.0940347404612212E-4","0.3850746268656716","0.0","2","5","false","Cd200","33.0","0","2","0","0.963706835799859","false","0","Cd200","30","0.5517241379310345"
"2","2.0852713178294575","0.052937410151715575","0.4795539033457249","0.33978494623655914","31","4","false","Cxcl1","16.161290322580644","0","31","0","0.9753347427766031","false","0","Cxcl1","5992","0.17377731529656607"
"2","2.2325581395348837","0.00894581196166421","0.4479166666666667","0.5672514619883041","19","4","false","Ccr2","20.789473684210527","0","19","0","0.9719873150105709","false","0","Ccr2","1828","0.24173806609547124"
"2","2.8449612403100777","0.0","0.3514986376021798","1.0","7","5","false","Cxcl14","17.857142857142858","0","7","0","0.9580690627202255","false","0","Cxcl14","0","0.4699248120300752"
"2","3.434108527131783","0.0","0.291196388261851","0.0","1","5","false","Rufy4","16.0","0","1","0","0.9446793516560958","false","0","Rufy4","0","0.0"
"2","2.852713178294574","0.0","0.35054347826086957","1.0","7","5","false","Neu1","15.285714285714286","0","7","0","0.9578928823114871","false","0","Neu1","0","0.39194139194139194"
"2","2.744186046511628","1.224354398326834E-4","0.364406779661017","0.9333333333333333","10","5","false","Ccr1l1","17.0","0","10","0","0.9603594080338266","false","0","Ccr1l1","34","0.38636363636363635"
"2","3.10077519379845","0.0","0.3225","0.0","1","5","false","Prl8a9","32.0","0","1","0","0.9522551092318534","false","0","Prl8a9","0","0.0"
"2","3.0775193798449614","8.703203288959102E-4","0.3249370277078085","0.3333333333333333","3","5","false","Fgl2","9.0","0","3","0","0.9527836504580691","false","0","Fgl2","42","0.4126984126984127"
"2","2.751937984496124","0.0","0.36338028169014086","1.0","9","5","false","Hcar2","18.22222222222222","0","9","0","0.9601832276250881","false","0","Hcar2","0","0.41414141414141414"
"2","2.4651162790697674","0.0035972714458525983","0.4056603773584906","0.5333333333333333","6","5","false","Fyb","24.0","0","6","0","0.9667019027484144","false","0","Fyb","392","0.3380281690140845"
"2","2.434108527131783","0.002509922858232983","0.410828025477707","0.7878787878787878","12","5","false","Ccr1","19.5","0","12","0","0.9674066243833686","false","0","Ccr1","558","0.2785714285714286"
"2","2.441860465116279","0.01697642667964957","0.40952380952380957","0.47619047619047616","7","5","false","Ms4a6b","19.142857142857142","0","7","0","0.9672304439746301","false","0","Ms4a6b","1356","0.26587301587301587"
"2","3.565891472868217","0.0","0.28043478260869564","0.0","1","6","false","Scara5","10.0","0","1","0","0.9416842847075405","false","0","Scara5","0","0.0"
"2","2.2093023255813953","0.014303591014650952","0.45263157894736844","0.475","16","4","false","Mpeg1","20.3125","0","16","0","0.9725158562367864","false","0","Mpeg1","1916","0.23082386363636365"
"2","1.9767441860465116","0.10260648852876812","0.5058823529411764","0.22758620689655173","30","4","false","Mmp9","15.466666666666667","0","30","0","0.977801268498943","false","0","Mmp9","9294","0.14951456310679612"
"2","2.007751937984496","0.04933234970467792","0.4980694980694981","0.33666666666666667","25","4","false","Ctss","18.84","0","25","0","0.9770965468639887","false","0","Ctss","5838","0.17942857142857144"
"2","2.565891472868217","0.002397259152044795","0.38972809667673713","0.7142857142857143","7","5","false","Serpinb9","21.428571428571427","0","7","0","0.9644115574348132","false","0","Serpinb9","502","0.36077481840193704"
"2","3.5426356589147288","0.0","0.28227571115973743","0.0","1","6","false","Slc22a17","8.0","0","1","0","0.9422128259337562","false","0","Slc22a17","0","0.0"
"2","2.627906976744186","0.0","0.38053097345132747","1.0","6","4","false","Cd63","18.5","0","6","0","0.9630021141649049","false","0","Cd63","0","0.3490566037735849"
"2","2.7674418604651163","0.0031106618134234417","0.36134453781512604","0.6666666666666666","9","5","false","Frk","13.777777777777779","0","9","0","0.9598308668076109","false","0","Frk","192","0.3178294573643411"
"2","2.612403100775194","0.03076550387596899","0.38278931750741835","0.7142857142857143","7","4","false","Atp11b","16.0","0","7","0","0.9633544749823819","false","0","Atp11b","1816","0.2991913746630728"
"2","3.4031007751937983","0.0","0.29384965831435084","0.0","1","6","false","Plekho2","5.0","0","1","0","0.94538407329105","false","0","Plekho2","0","0.0"
"2","1.7751937984496124","0.1569502043500273","0.5633187772925764","0.20613107822410148","44","4","false","Ptprc","15.704545454545455","0","44","0","0.9823819591261451","false","0","Ptprc","14500","0.1375598086124402"
"2","2.5813953488372094","0.002111929071254062","0.38738738738738737","0.6666666666666666","6","5","false","Serpinb9g","23.0","0","6","0","0.9640591966173361","false","0","Serpinb9g","452","0.3936781609195402"
"2","2.852713178294574","0.0","0.35054347826086957","1.0","7","5","false","Pdxk","15.285714285714286","0","7","0","0.9578928823114871","false","0","Pdxk","0","0.39194139194139194"
"2","3.2248062015503876","4.217337023059647E-4","0.31009615384615385","0.3333333333333333","3","5","false","Dll4","7.0","0","3","0","0.9494362226920366","false","0","Dll4","64","0.4444444444444444"
"2","2.2093023255813953","0.017260414559592707","0.45263157894736844","0.5052631578947369","20","5","false","Cxcr2","19.2","0","20","0","0.9725158562367864","false","0","Cxcr2","2430","0.21818181818181817"
"2","1.945736434108527","0.08469900012972208","0.5139442231075697","0.3054187192118227","29","4","false","Cd68","19.93103448275862","0","29","0","0.9785059901338972","false","0","Cd68","8216","0.18454661558109833"
"2","2.689922480620155","0.0030834132467726996","0.37175792507204614","0.6190476190476191","7","5","false","Il1rn","18.714285714285715","0","7","0","0.9615926708949964","false","0","Il1rn","288","0.36694677871148457"
"2","2.294573643410853","0.012602264708106476","0.4358108108108108","0.36363636363636365","11","4","false","Pecam1","18.818181818181817","0","11","0","0.9705778717406625","false","0","Pecam1","1494","0.22562979189485213"
"2","2.550387596899225","0.026302788622461236","0.39209726443768994","0.4642857142857143","8","5","false","Lcn2","17.625","0","8","0","0.9647639182522902","false","0","Lcn2","2042","0.28024193548387094"
"2","2.627906976744186","0.0","0.38053097345132747","1.0","6","4","false","Syngr1","18.5","0","6","0","0.9630021141649049","false","0","Syngr1","0","0.3490566037735849"
"2","2.0697674418604652","0.06764362516347472","0.4831460674157303","0.2753623188405797","24","4","false","Fcgr4","16.875","0","24","0","0.9756871035940804","false","0","Fcgr4","5532","0.17353951890034364"
"2","2.627906976744186","0.0","0.38053097345132747","1.0","6","4","false","Arl8a","18.5","0","6","0","0.9630021141649049","false","0","Arl8a","0","0.3490566037735849"
"2","2.2868217054263567","0.00981230931791969","0.43728813559322033","0.696969696969697","22","4","false","Cd47","20.90909090909091","0","22","0","0.970754052149401","false","0","Cd47","724","0.2709563164108619"
"2","2.294573643410853","0.007357101783839677","0.4358108108108108","0.5606060606060606","12","5","false","Il15","21.166666666666668","0","12","0","0.9705778717406625","false","0","Il15","874","0.2509920634920635"
"2","2.4728682170542635","0.0","0.4043887147335423","1.0","8","5","false","Rab31","23.0","0","8","0","0.9665257223396758","false","0","Rab31","0","0.3382352941176471"
"2","3.10077519379845","0.0","0.3225","1.0","2","5","false","Pfpl","12.0","0","2","0","0.9522551092318534","false","0","Pfpl","0","0.5714285714285714"
"2","2.0697674418604652","0.035790793204670025","0.4831460674157303","0.47619047619047616","28","4","false","Serpinb6b","22.464285714285715","0","28","0","0.9756871035940804","false","0","Serpinb6b","5122","0.23609022556390977"
"2","2.992248062015504","0.0","0.33419689119170987","1.0","2","5","false","Cr1l","18.5","0","2","0","0.954721634954193","false","0","Cr1l","0","0.5441176470588235"
"2","2.0310077519379846","0.015220145905342668","0.49236641221374045","0.42857142857142855","22","4","false","Cd14","21.727272727272727","0","22","0","0.9765680056377731","false","0","Cd14","2506","0.20692640692640693"
"2","3.372093023255814","4.360571505414781E-4","0.296551724137931","0.0","2","6","false","S100a9","6.5","0","2","0","0.9460887949260042","false","0","S100a9","22","0.5"
"2","2.24031007751938","0.015071347092314941","0.4463667820069204","0.7666666666666667","21","4","false","Cd59b","22.142857142857142","0","21","0","0.9718111346018322","false","0","Cd59b","1512","0.26360544217687076"
"2","3.0","0.0020222896650187562","0.3333333333333333","0.0","4","5","false","Nr2f2","11.0","0","4","0","0.9545454545454546","false","0","Nr2f2","252","0.3448275862068966"
"2","2.488372093023256","0.01480113093224359","0.40186915887850466","0.5047619047619047","15","5","false","Hp","14.0","0","15","0","0.9661733615221987","false","0","Hp","2126","0.2153846153846154"
"2","2.5193798449612403","0.0048001346204682915","0.39692307692307693","0.4666666666666667","6","5","false","Cdh5","17.666666666666668","0","6","0","0.9654686398872445","false","0","Cdh5","580","0.263681592039801"
"2","4.5813953488372094","0.0","0.2182741116751269","0.0","1","6","false","Nenf","2.0","0","1","0","0.9186046511627907","false","0","Nenf","0","0.0"
"2","2.108527131782946","0.009172861527428803","0.4742647058823529","0.5833333333333334","24","4","false","Fcer1g","23.541666666666668","0","24","0","0.9748062015503876","false","0","Fcer1g","1680","0.2504432624113475"
"2","1.9612403100775193","0.050627048444442845","0.5098814229249012","0.3472906403940887","29","4","false","Tlr2","19.03448275862069","0","29","0","0.97815362931642","false","0","Tlr2","5788","0.1792452830188679"
"2","3.4728682170542635","0.0","0.2879464285714286","1.0","2","6","false","Hbb-bt","12.0","0","2","0","0.9437984496124031","false","0","Hbb-bt","0","0.8"
"2","2.116279069767442","0.04306264503475822","0.47252747252747246","0.4258064516129032","31","4","false","Psg20","17.838709677419356","0","31","0","0.974630021141649","false","0","Psg20","3912","0.20504263997033742"
"2","2.891472868217054","0.0058474430952181605","0.34584450402144773","0.2","5","5","false","Csf3r","10.2","0","5","0","0.9570119802677943","false","0","Csf3r","632","0.30625"
"2","2.1627906976744184","0.023102233150249268","0.4623655913978495","0.34057971014492755","24","5","false","Sell","16.875","0","24","0","0.9735729386892178","false","0","Sell","2622","0.1896067415730337"
"2","2.7286821705426356","0.0","0.3664772727272727","1.0","3","5","false","Mllt4","26.333333333333332","0","3","0","0.9607117688513038","false","0","Mllt4","0","0.5602836879432624"
"2","2.3255813953488373","0.01603285976720639","0.43","0.8368421052631579","20","4","false","Ano6","22.45","0","20","0","0.9698731501057083","false","0","Ano6","1456","0.3027027027027027"
"2","2.75968992248062","0.0","0.36235955056179775","1.0","6","4","false","Psca","17.5","0","6","0","0.9600070472163496","false","0","Psca","0","0.3723404255319149"
"2","2.5426356589147288","0.015874201921898454","0.39329268292682923","0.5238095238095238","7","4","false","Cd33","21.571428571428573","0","7","0","0.9649400986610289","false","0","Cd33","1844","0.351288056206089"
"2","2.503875968992248","8.950455618309971E-4","0.3993808049535604","0.5333333333333333","6","5","false","Selplg","21.666666666666668","0","6","0","0.9658210007047217","false","0","Selplg","92","0.32338308457711445"
"2","2.488372093023256","0.00335733069012304","0.40186915887850466","0.6282051282051282","13","5","false","Ccl6","18.46153846153846","0","13","0","0.9661733615221987","false","0","Ccl6","676","0.27972027972027974"
"2","2.4031007751937983","0.008402319290736645","0.4161290322580645","0.38461538461538464","13","5","false","Ms4a6d","17.076923076923077","0","13","0","0.9681113460183227","false","0","Ms4a6d","944","0.23717948717948717"
"2","2.3410852713178296","0.003494680461550166","0.42715231788079466","0.6212121212121212","12","5","false","Anpep","20.666666666666668","0","12","0","0.9695207892882312","false","0","Anpep","494","0.25833333333333336"
"2","2.3333333333333335","0.01852242893956538","0.42857142857142855","0.45054945054945056","14","5","false","Cd274","17.5","0","14","0","0.9696969696969696","false","0","Cd274","1718","0.22634508348794063"
"2","2.124031007751938","0.016817196873600847","0.4708029197080291","0.5433333333333333","25","4","false","Ptafr","22.84","0","25","0","0.9744538407329105","false","0","Ptafr","2904","0.2482608695652174"
"2","2.75968992248062","0.0","0.36235955056179775","1.0","6","4","false","Plet1","17.5","0","6","0","0.9600070472163496","false","0","Plet1","0","0.3723404255319149"
"2","2.4186046511627906","5.782885313153755E-4","0.4134615384615385","0.7142857142857143","7","5","false","Cd52","25.857142857142858","0","7","0","0.9677589852008457","false","0","Cd52","86","0.34476190476190477"
"2","2.2093023255813953","0.00651776913655466","0.45263157894736844","0.47619047619047616","15","4","false","Ly86","20.866666666666667","0","15","0","0.9725158562367864","false","0","Ly86","990","0.2293040293040293"
"2","2.5193798449612403","3.913100360406905E-4","0.39692307692307693","0.6","5","5","false","Ncf2","23.4","0","5","0","0.9654686398872445","false","0","Ncf2","58","0.36"
"2","3.3410852713178296","0.0","0.29930394431554525","0.0","1","5","false","Bcl2a1b","18.0","0","1","0","0.9467935165609584","false","0","Bcl2a1b","0","0.0"
"2","2.4806201550387597","0.004317852239785071","0.403125","0.2","6","5","false","Ptk2b","18.333333333333332","0","6","0","0.9663495419309374","false","0","Ptk2b","364","0.26715686274509803"
"2","2.4263565891472867","0.012034426997112463","0.41214057507987223","0.875","16","4","false","Stk10","22.5625","0","16","0","0.967582804792107","false","0","Stk10","1238","0.3358208955223881"
"2","2.372093023255814","0.03151054757087487","0.42156862745098034","0.39166666666666666","16","5","false","C3","16.75","0","16","0","0.968816067653277","false","0","C3","3590","0.2225"
"2","2.302325581395349","0.00464693309823807","0.4343434343434343","0.8368421052631579","20","4","false","Cd177","22.95","0","20","0","0.9704016913319239","false","0","Cd177","438","0.2974025974025974"
"2","3.5891472868217056","0.015503875968992248","0.2786177105831533","0.0","2","5","false","Fkbp2","4.0","0","2","0","0.9411557434813248","false","0","Fkbp2","910","0.5"
"2","3.868217054263566","0.0","0.25851703406813625","1.0","2","6","false","Slfn1","4.5","0","2","0","0.9348132487667371","false","0","Slfn1","0","0.75"
"2","2.131782945736434","0.040195911876421984","0.4690909090909091","0.3216374269005848","19","4","false","Spi1","16.894736842105264","0","19","0","0.974277660324172","false","0","Spi1","3390","0.1797312430011198"
"2","2.75968992248062","0.0","0.36235955056179775","1.0","6","4","false","Prss41","17.5","0","6","0","0.9600070472163496","false","0","Prss41","0","0.3723404255319149"
"2","3.3410852713178296","0.0014007672012189222","0.29930394431554525","0.6666666666666666","3","6","false","Ms4a4c","5.0","0","3","0","0.9467935165609584","false","0","Ms4a4c","188","0.5"
"2","2.5736434108527133","0.005233624485306288","0.3885542168674699","0.47619047619047616","7","5","false","Igsf6","18.571428571428573","0","7","0","0.9642353770260748","false","0","Igsf6","510","0.31476997578692495"
"2","2.387596899224806","0.011533023918599264","0.4188311688311689","0.5238095238095238","7","4","false","Lcp1","22.428571428571427","0","7","0","0.9684637068358","false","0","Lcp1","1608","0.2932330827067669"
"2","2.75968992248062","0.0","0.36235955056179775","1.0","6","4","false","Cpm","17.5","0","6","0","0.9600070472163496","false","0","Cpm","0","0.3723404255319149"
"2","2.5736434108527133","0.015720511239878335","0.3885542168674699","0.6888888888888889","10","5","false","Fth1","16.7","0","10","0","0.9642353770260748","false","0","Fth1","1488","0.28620689655172415"
"2","2.3333333333333335","5.289837982141429E-4","0.42857142857142855","0.9298245614035088","19","4","false","Rap2b","23.63157894736842","0","19","0","0.9696969696969696","false","0","Rap2b","196","0.31508771929824564"
"2","3.317829457364341","0.0","0.3014018691588785","0.0","1","5","false","Plscr3","20.0","0","1","0","0.947322057787174","false","0","Plscr3","0","0.0"
"2","2.0387596899224807","0.022830527578560075","0.49049429657794674","0.5396825396825397","28","4","false","Cd53","21.964285714285715","0","28","0","0.9763918252290346","false","0","Cd53","2982","0.22412536443148687"
"2","2.5736434108527133","0.0016060255300841377","0.3885542168674699","0.7818181818181819","11","5","false","Gsdmd","16.09090909090909","0","11","0","0.9642353770260748","false","0","Gsdmd","222","0.2727272727272727"
"2","2.302325581395349","0.007461673243245354","0.4343434343434343","0.7666666666666667","21","4","false","Clec4d","22.0","0","21","0","0.9704016913319239","false","0","Clec4d","618","0.2926984126984127"
"2","2.5736434108527133","0.0016060255300841377","0.3885542168674699","0.7818181818181819","11","5","false","Lrg1","16.09090909090909","0","11","0","0.9642353770260748","false","0","Lrg1","222","0.2727272727272727"
"2","2.186046511627907","0.008097098671672525","0.45744680851063835","0.8421052631578947","20","4","false","Plau","23.9","0","20","0","0.9730443974630021","false","0","Plau","1158","0.26853932584269663"
"2","2.449612403100775","0.0","0.40822784810126583","1.0","15","4","false","mCG_19844","23.866666666666667","0","15","0","0.9670542635658915","false","0","mCG_19844","0","0.3616161616161616"
"2","2.5968992248062017","0.006275897934931997","0.3850746268656716","0.8055555555555556","9","5","false","Hbb-bs","17.555555555555557","0","9","0","0.963706835799859","false","0","Hbb-bs","1192","0.30268199233716475"
"2","2.2713178294573644","0.03411700652284652","0.4402730375426621","0.2777777777777778","9","4","false","Sdc1","19.666666666666668","0","9","0","0.971106412966878","false","0","Sdc1","2626","0.22348484848484848"
"2","1.9147286821705427","0.05857616302349894","0.5222672064777327","0.42424242424242425","33","4","false","Cybb","21.484848484848484","0","33","0","0.9792107117688513","false","0","Cybb","7000","0.1989337822671156"
"2","2.3333333333333335","5.289837982141429E-4","0.42857142857142855","0.9298245614035088","19","4","false","Mcemp1","23.63157894736842","0","19","0","0.9696969696969696","false","0","Mcemp1","196","0.31508771929824564"
"2","2.108527131782946","0.05856652100375049","0.4742647058823529","0.39919354838709675","32","4","false","Psg19","17.28125","0","32","0","0.9748062015503876","false","0","Psg19","5046","0.2005813953488372"
"2","2.511627906976744","1.7427970494601923E-4","0.39814814814814814","0.3333333333333333","4","4","false","Slc15a3","26.5","0","4","0","0.9656448202959832","false","0","Slc15a3","48","0.3897058823529412"
"2","2.441860465116279","0.015503875968992248","0.40952380952380957","0.875","16","4","false","Tmbim1","22.375","0","16","0","0.9672304439746301","false","0","Tmbim1","1700","0.34326923076923077"
"2","1.8837209302325582","0.08164063815426333","0.5308641975308642","0.32051282051282054","40","4","false","Itgb2","18.8","0","40","0","0.9799154334038055","false","0","Itgb2","8410","0.17735849056603772"
"2","2.7286821705426356","2.7252906976744186E-4","0.3664772727272727","0.5","4","5","false","Sash3","16.0","0","4","0","0.9607117688513038","false","0","Sash3","10","0.34782608695652173"
"2","2.3488372093023258","0.01744906804951114","0.42574257425742573","0.7908496732026143","18","4","false","AF251705","22.833333333333332","0","18","0","0.9693446088794926","false","0","AF251705","1600","0.3120243531202435"
